time,Solar,Generation:+generation
2016-12-30 00:00,-0.28,0.12
2016-12-30 00:15,-0.28,-0.12
2016-12-30 00:30,-0.28,-0.13
2016-12-30 00:45,-0.28,-0.12
2016-12-30 01:00,-0.28,-0.13
2016-12-30 01:15,-0.28,0.13
2016-12-30 01:30,-0.28,-0.13
2016-12-30 01:45,-0.28,-0.12
2016-12-30 02:00,-0.28,-0.13
2016-12-30 02:15,-0.28,0.0
2016-12-30 02:30,-0.28,0.0
2016-12-30 02:45,-0.28,-0.12
2016-12-30 03:00,-0.29,-0.13
2016-12-30 03:15,-0.28,-0.12
2016-12-30 03:30,-0.29,0.0
2016-12-30 03:45,-0.28,0.0
2016-12-30 04:00,-0.28,-0.13
2016-12-30 04:15,-0.28,-0.12
2016-12-30 04:30,-0.28,0.0
2016-12-30 04:45,-0.28,-0.13
2016-12-30 05:00,-0.28,0.0
2016-12-30 05:15,-0.28,-0.12
2016-12-30 05:30,-0.28,0.0
2016-12-30 05:45,-0.28,-0.13
2016-12-30 06:00,-0.28,-0.12
2016-12-30 06:15,-0.28,0.0
2016-12-30 06:30,-0.28,0.0
2016-12-30 06:45,-0.28,-0.13
2016-12-30 07:00,-0.21,-0.12
2016-12-30 07:15,1.17,0.12
2016-12-30 07:30,3.24,0.63
2016-12-30 07:45,8.5,2.0
2016-12-30 08:00,50.04,7.12
2016-12-30 08:15,67.72,14.63
2016-12-30 08:30,86.26,19.37
2016-12-30 08:45,99.73,23.25
2016-12-30 09:00,114.48,27.0
2016-12-30 09:15,126.81,30.0
2016-12-30 09:30,143.26,32.13
2016-12-30 09:45,81.49,26.75
2016-12-30 10:00,59.97,28.12
2016-12-30 10:15,168.48,38.13
2016-12-30 10:30,113.58,37.25
2016-12-30 10:45,91.18,32.62
2016-12-30 11:00,58.04,31.0
2016-12-30 11:15,33.58,8.88
2016-12-30 11:30,78.45,19.5
2016-12-30 11:45,65.64,23.75
2016-12-30 12:00,55.6,19.75
2016-12-30 12:15,29.56,8.75
2016-12-30 12:30,42.17,11.12
2016-12-30 12:45,14.39,7.13
2016-12-30 13:00,25.87,6.62
2016-12-30 13:15,14.76,5.0
2016-12-30 13:30,25.87,3.75
2016-12-30 13:45,100.83,12.38
2016-12-30 14:00,49.0,15.37
2016-12-30 14:15,31.47,9.25
2016-12-30 14:30,30.76,8.13
2016-12-30 14:45,80.11,7.12
2016-12-30 15:00,47.23,16.5
2016-12-30 15:15,24.0,8.13
2016-12-30 15:30,21.71,5.75
2016-12-30 15:45,8.61,3.75
2016-12-30 16:00,2.32,0.87
2016-12-30 16:15,1.07,0.38
2016-12-30 16:30,-0.11,0.25
2016-12-30 16:45,-0.28,-0.13
2016-12-30 17:00,-0.28,0.0
2016-12-30 17:15,-0.27,-0.12
2016-12-30 17:30,-0.27,0.0
2016-12-30 17:45,-0.27,-0.13
2016-12-30 18:00,-0.27,0.0
2016-12-30 18:15,-0.28,-0.12
2016-12-30 18:30,-0.27,-0.13
2016-12-30 18:45,-0.27,-0.12
2016-12-30 19:00,-0.27,0.12
2016-12-30 19:15,-0.27,-0.12
2016-12-30 19:30,-0.27,-0.13
2016-12-30 19:45,-0.28,-0.12
2016-12-30 20:00,-0.28,0.0
2016-12-30 20:15,-0.28,0.0
2016-12-30 20:30,-0.28,-0.13
2016-12-30 20:45,-0.28,0.0
2016-12-30 21:00,-0.28,-0.12
2016-12-30 21:15,-0.28,-0.13
2016-12-30 21:30,-0.28,-0.12
2016-12-30 21:45,-0.28,0.0
2016-12-30 22:00,-0.28,0.0
2016-12-30 22:15,-0.28,-0.13
2016-12-30 22:30,-0.28,-0.12
2016-12-30 22:45,-0.28,-0.13
2016-12-30 23:00,-0.28,0.13
2016-12-30 23:15,-0.28,-0.13
2016-12-30 23:30,-0.28,-0.12
2016-12-30 23:45,-0.28,-0.13
2016-12-31 00:00,-0.28,0.0
2016-12-31 00:15,-0.28,0.0
2016-12-31 00:30,-0.28,-0.12
2016-12-31 00:45,-0.28,-0.13
2016-12-31 01:00,-0.28,0.0
2016-12-31 01:15,-0.28,0.0
2016-12-31 01:30,-0.28,-0.12
2016-12-31 01:45,-0.28,-0.13
2016-12-31 02:00,-0.28,-0.12
2016-12-31 02:15,-0.28,0.0
2016-12-31 02:30,-0.28,0.0
2016-12-31 02:45,-0.28,-0.13
2016-12-31 03:00,-0.28,-0.12
2016-12-31 03:15,-0.29,0.0
2016-12-31 03:30,-0.36,-0.13
2016-12-31 03:45,-0.34,-0.12
2016-12-31 04:00,-0.35,-0.13
2016-12-31 04:15,-0.34,-0.12
2016-12-31 04:30,-0.35,0.12
2016-12-31 04:45,-0.34,-0.12
2016-12-31 05:00,-0.35,-0.13
2016-12-31 05:15,-0.34,-0.12
2016-12-31 05:30,-0.34,0.0
2016-12-31 05:45,-0.34,-0.13
2016-12-31 06:00,-0.34,-0.12
2016-12-31 06:15,-0.34,-0.13
2016-12-31 06:30,-0.34,0.0
2016-12-31 06:45,-0.33,-0.12
2016-12-31 07:00,0.0,0.0
2016-12-31 07:15,5.11,0.25
2016-12-31 07:30,19.45,2.87
2016-12-31 07:45,39.72,7.5
2016-12-31 08:00,35.27,10.88
2016-12-31 08:15,36.09,9.25
2016-12-31 08:30,44.81,10.87
2016-12-31 08:45,54.45,13.13
2016-12-31 09:00,66.05,14.87
2016-12-31 09:15,59.12,16.13
2016-12-31 09:30,73.87,16.12
2016-12-31 09:45,89.76,21.88
2016-12-31 10:00,76.43,21.87
2016-12-31 10:15,105.08,25.38
2016-12-31 10:30,129.59,29.62
2016-12-31 10:45,109.76,30.25
2016-12-31 11:00,142.55,32.38
2016-12-31 11:15,100.0,30.87
2016-12-31 11:30,202.21,38.63
2016-12-31 11:45,185.21,44.0542
2016-12-31 12:00,140.8978,41.1958
2016-12-31 12:15,108.52,32.0
2016-12-31 12:30,146.42,27.0
2016-12-31 12:45,132.06,27.75
2016-12-31 13:00,86.22,31.5
2016-12-31 13:15,92.22,20.5
2016-12-31 13:30,85.42,24.25
2016-12-31 13:45,113.83,24.12
2016-12-31 14:00,107.36,26.0
2016-12-31 14:15,33.62,21.5343
2016-12-31 14:30,90.9043,12.7157
2016-12-31 14:45,57.04,13.38
2016-12-31 15:00,29.92,11.62
2016-12-31 15:15,29.33,8.25
2016-12-31 15:30,13.11,5.13
2016-12-31 15:45,7.04,2.75
2016-12-31 16:00,2.0,0.62
2016-12-31 16:15,0.61,0.25
2016-12-31 16:30,-0.52,0.13
2016-12-31 16:45,-0.27,0.0
2016-12-31 17:00,-0.27,-0.13
2016-12-31 17:15,-0.28,-0.12
2016-12-31 17:30,-0.28,-0.13
2016-12-31 17:45,-0.28,0.0
2016-12-31 18:00,-0.27,0.0
2016-12-31 18:15,-0.27,-0.12
2016-12-31 18:30,-0.28,-0.13
2016-12-31 18:45,-0.28,0.0
2016-12-31 19:00,-0.28,-0.12
2016-12-31 19:15,-0.28,-0.13
2016-12-31 19:30,-0.28,0.0
2016-12-31 19:45,-0.27,0.0
2016-12-31 20:00,-0.28,-0.12
2016-12-31 20:15,-0.28,-0.13
2016-12-31 20:30,-0.28,-0.12
2016-12-31 20:45,-0.28,0.12
2016-12-31 21:00,-0.28,-0.12
2016-12-31 21:15,-0.28,-0.13
2016-12-31 21:30,-0.28,-0.12
2016-12-31 21:45,-0.27,0.0
2016-12-31 22:00,-0.28,0.0
2016-12-31 22:15,-0.28,-0.13
2016-12-31 22:30,-0.28,-0.12
2016-12-31 22:45,-0.28,0.0
2016-12-31 23:00,-0.28,-0.13
2016-12-31 23:15,-0.28,0.0
2016-12-31 23:30,-0.28,-0.12
2016-12-31 23:45,-0.28,0.0
2017-01-01 00:00,-0.28,-0.13
2017-01-01 00:15,-0.28,-0.12
2017-01-01 00:30,-0.28,0.0
2017-01-01 00:45,-0.28,0.0
2017-01-01 01:00,-0.28,-0.13
2017-01-01 01:15,-0.28,-0.12
2017-01-01 01:30,-0.28,-0.13
2017-01-01 01:45,-0.28,0.0
2017-01-01 02:00,-0.28,0.0
2017-01-01 02:15,-0.28,-0.12
2017-01-01 02:30,-0.28,-0.13
2017-01-01 02:45,-0.28,-0.12
2017-01-01 03:00,-0.28,0.12
2017-01-01 03:15,-0.28,-0.12
2017-01-01 03:30,-0.28,-0.13
2017-01-01 03:45,-0.28,-0.1195
2017-01-01 04:00,-0.28,-0.0005
2017-01-01 04:15,-0.28,0.0
2017-01-01 04:30,-0.28,-0.13
2017-01-01 04:45,-0.28,-0.12
2017-01-01 05:00,-0.28,0.0
2017-01-01 05:15,-0.28,-0.13
2017-01-01 05:30,-0.28,0.0
2017-01-01 05:45,-0.28,-0.12
2017-01-01 06:00,-0.28,-0.13
2017-01-01 06:15,-0.28,0.0
2017-01-01 06:30,-0.28,-0.12
2017-01-01 06:45,-0.28,0.0
2017-01-01 07:00,-0.11,-0.13
2017-01-01 07:15,4.62,0.38
2017-01-01 07:30,16.32,2.5
2017-01-01 07:45,32.03,5.87
2017-01-01 08:00,8.23,3.13
2017-01-01 08:15,64.61,9.5
2017-01-01 08:30,83.56,18.75
2017-01-01 08:45,97.33,22.75
2017-01-01 09:00,111.03,26.12
2017-01-01 09:15,122.65,29.38
2017-01-01 09:30,132.57,31.87
2017-01-01 09:45,143.24,34.75
2017-01-01 10:00,152.82,36.88
2017-01-01 10:15,161.44,39.37
2017-01-01 10:30,165.4,40.75
2017-01-01 10:45,170.66,42.13
2017-01-01 11:00,177.01,43.75
2017-01-01 11:15,200.73,46.87
2017-01-01 11:30,195.93,31.38
2017-01-01 11:45,183.94,42.87
2017-01-01 12:00,184.63,45.75
2017-01-01 12:15,182.27,44.5
2017-01-01 12:30,179.15,44.75
2017-01-01 12:45,171.38,43.63
2017-01-01 13:00,166.86,41.87
2017-01-01 13:15,159.53,40.63
2017-01-01 13:30,147.84,37.12
2017-01-01 13:45,142.57,36.5
2017-01-01 14:00,131.3,34.25
2017-01-01 14:15,118.81,31.5
2017-01-01 14:30,105.23,27.88
2017-01-01 14:45,56.47,18.0
2017-01-01 15:00,50.01,14.5
2017-01-01 15:15,16.89,7.62
2017-01-01 15:30,8.07,2.63
2017-01-01 15:45,6.06,1.75
2017-01-01 16:00,4.13,1.12
2017-01-01 16:15,1.93,0.63
2017-01-01 16:30,-0.18,0.12
2017-01-01 16:45,-0.27,0.0
2017-01-01 17:00,-0.27,-0.12
2017-01-01 17:15,-0.27,0.0
2017-01-01 17:30,-0.27,-0.13
2017-01-01 17:45,-0.27,0.0
2017-01-01 18:00,-0.27,-0.12
2017-01-01 18:15,-0.28,-0.13
2017-01-01 18:30,-0.28,0.0
2017-01-01 18:45,-0.28,0.0
2017-01-01 19:00,-0.28,-0.12
2017-01-01 19:15,-0.36,-0.13
2017-01-01 19:30,-0.37,-0.12
2017-01-01 19:45,-0.37,0.0
2017-01-01 20:00,-0.39,-0.13
2017-01-01 20:15,-0.38,-0.12
2017-01-01 20:30,-0.39,-0.13
2017-01-01 20:45,-0.38,0.0
2017-01-01 21:00,-0.37,-0.12
2017-01-01 21:15,-0.38,-0.13
2017-01-01 21:30,-0.38,-0.12
2017-01-01 21:45,-0.38,0.0
2017-01-01 22:00,-0.38,-0.13
2017-01-01 22:15,-0.38,-0.12
2017-01-01 22:30,-0.39,-0.13
2017-01-01 22:45,-0.38,0.0
2017-01-01 23:00,-0.38,-0.12
2017-01-01 23:15,-0.39,-0.13
2017-01-01 23:30,-0.39,-0.12
2017-01-01 23:45,-0.4,-0.13
2017-01-02 00:00,-0.38,0.0
2017-01-02 00:15,-0.39,-0.12
2017-01-02 00:30,-0.39,-0.13
2017-01-02 00:45,-0.39,-0.12
2017-01-02 01:00,-0.38,0.0
2017-01-02 01:15,-0.38,-0.13
2017-01-02 01:30,-0.39,-0.12
2017-01-02 01:45,-0.39,-0.13
2017-01-02 02:00,-0.39,-0.12
2017-01-02 02:15,-0.38,0.0
2017-01-02 02:30,-0.39,-0.13
2017-01-02 02:45,-0.39,-0.12
2017-01-02 03:00,-0.38,-0.13
2017-01-02 03:15,-0.39,0.0
2017-01-02 03:30,-0.38,-0.12
2017-01-02 03:45,-0.38,-0.13
2017-01-02 04:00,-0.38,-0.12
2017-01-02 04:15,-0.38,-0.13
2017-01-02 04:30,-0.38,0.0
2017-01-02 04:45,-0.39,-0.12
2017-01-02 05:00,-0.39,-0.13
2017-01-02 05:15,-0.38,-0.12
2017-01-02 05:30,-0.39,0.0
2017-01-02 05:45,-0.38,-0.13
2017-01-02 06:00,-0.38,-0.12
2017-01-02 06:15,-0.38,-0.13
2017-01-02 06:30,-0.37,0.0
2017-01-02 06:45,-0.37,-0.12
2017-01-02 07:00,-0.38,-0.13
2017-01-02 07:15,-0.38,-0.12
2017-01-02 07:30,-0.3,0.0
2017-01-02 07:45,0.14,0.0
2017-01-02 08:00,1.69,0.25
2017-01-02 08:15,3.46,0.62
2017-01-02 08:30,4.47,0.88
2017-01-02 08:45,6.51,1.0
2017-01-02 09:00,7.6,1.75
2017-01-02 09:15,7.87,2.12
2017-01-02 09:30,7.29,1.88
2017-01-02 09:45,10.03,1.87
2017-01-02 10:00,14.37,3.0
2017-01-02 10:15,17.63,4.5
2017-01-02 10:30,27.67,6.13
2017-01-02 10:45,26.63,6.62
2017-01-02 11:00,18.64,5.75
2017-01-02 11:15,18.41,4.5
2017-01-02 11:30,11.48,3.88
2017-01-02 11:45,12.6,2.87
2017-01-02 12:00,16.34,3.5
2017-01-02 12:15,26.17,5.25
2017-01-02 12:30,16.92,5.0
2017-01-02 12:45,9.5,3.0
2017-01-02 13:00,13.88,2.5
2017-01-02 13:15,12.03,2.88
2017-01-02 13:30,6.82,2.62
2017-01-02 13:45,5.98,2.13
2017-01-02 14:00,7.93,1.5
2017-01-02 14:15,8.01,2.0
2017-01-02 14:30,8.31,2.37
2017-01-02 14:45,5.94,1.5
2017-01-02 15:00,5.15,1.0
2017-01-02 15:15,1.95,1.0
2017-01-02 15:30,3.66,0.5
2017-01-02 15:45,1.55,0.75
2017-01-02 16:00,0.33,0.38
2017-01-02 16:15,-0.43,-0.13
2017-01-02 16:30,-0.27,0.0
2017-01-02 16:45,-0.28,-0.12
2017-01-02 17:00,-0.28,0.0
2017-01-02 17:15,-0.28,-0.13
2017-01-02 17:30,-0.27,0.0
2017-01-02 17:45,-0.27,-0.12
2017-01-02 18:00,-0.28,0.0
2017-01-02 18:15,-0.27,-0.13
2017-01-02 18:30,-0.28,-0.12
2017-01-02 18:45,-0.28,0.0
2017-01-02 19:00,-0.28,0.0
2017-01-02 19:15,-0.28,-0.13
2017-01-02 19:30,-0.28,-0.12
2017-01-02 19:45,-0.28,0.0
2017-01-02 20:00,-0.28,-0.13
2017-01-02 20:15,-0.28,0.0
2017-01-02 20:30,-0.28,-0.12
2017-01-02 20:45,-0.28,0.0
2017-01-02 21:00,-0.28,-0.13
2017-01-02 21:15,-0.28,-0.12
2017-01-02 21:30,-0.28,-0.13
2017-01-02 21:45,-0.28,0.13
2017-01-02 22:00,-0.28,-0.13
2017-01-02 22:15,-0.28,-0.12
2017-01-02 22:30,-0.28,-0.13
2017-01-02 22:45,-0.28,0.0
2017-01-02 23:00,-0.28,0.0
2017-01-02 23:15,-0.28,-0.12
2017-01-02 23:30,-0.28,-0.13
2017-01-02 23:45,-0.28,0.0
2017-01-03 00:00,-0.28,-0.12
2017-01-03 00:15,-0.28,0.0
2017-01-03 00:30,-0.28,-0.13
2017-01-03 00:45,-0.28,-0.12
2017-01-03 01:00,-0.28,0.0
2017-01-03 01:15,-0.28,-0.13
2017-01-03 01:30,-0.28,0.0
2017-01-03 01:45,-0.28,-0.12
2017-01-03 02:00,-0.28,0.0
2017-01-03 02:15,-0.28,-0.13
2017-01-03 02:30,-0.28,-0.12
2017-01-03 02:45,-0.28,0.0
2017-01-03 03:00,-0.28,0.0
2017-01-03 03:15,-0.28,-0.13
2017-01-03 03:30,-0.28,-0.12
2017-01-03 03:45,-0.28,-0.13
2017-01-03 04:00,-0.28,0.0
2017-01-03 04:15,-0.28,0.0
2017-01-03 04:30,-0.28,-0.12
2017-01-03 04:45,-0.28,-0.13
2017-01-03 05:00,-0.28,-0.12
2017-01-03 05:15,-0.28,0.12
2017-01-03 05:30,-0.28,-0.12
2017-01-03 05:45,-0.28,-0.13
2017-01-03 06:00,-0.28,-0.12
2017-01-03 06:15,-0.28,0.0
2017-01-03 06:30,-0.28,-0.13
2017-01-03 06:45,-0.27,0.0
2017-01-03 07:00,-0.28,-0.12
2017-01-03 07:15,-0.19,0.0
2017-01-03 07:30,0.69,0.12
2017-01-03 07:45,1.41,0.25
2017-01-03 08:00,2.71,0.38
2017-01-03 08:15,4.7,0.87
2017-01-03 08:30,7.68,1.63
2017-01-03 08:45,10.58,2.5
2017-01-03 09:00,14.26,3.75
2017-01-03 09:15,12.99,3.12
2017-01-03 09:30,13.94,3.25
2017-01-03 09:45,17.62,4.13
2017-01-03 10:00,19.56,5.5
2017-01-03 10:15,26.24,5.62
2017-01-03 10:30,18.11,6.0
2017-01-03 10:45,14.79,3.38
2017-01-03 11:00,17.86,4.37
2017-01-03 11:15,16.72,4.13
2017-01-03 11:30,20.58,4.75
2017-01-03 11:45,12.42,3.62
2017-01-03 12:00,22.4,3.75
2017-01-03 12:15,27.28,6.25
2017-01-03 12:30,25.79,6.63
2017-01-03 12:45,34.15,8.25
2017-01-03 13:00,38.39,9.37
2017-01-03 13:15,22.1,7.75
2017-01-03 13:30,14.65,4.25
2017-01-03 13:45,18.67,4.13
2017-01-03 14:00,8.77,3.87
2017-01-03 14:15,9.14,1.5
2017-01-03 14:30,7.09,2.13
2017-01-03 14:45,4.51,1.25
2017-01-03 15:00,24.9,4.25
2017-01-03 15:15,16.32,5.87
2017-01-03 15:30,6.18,3.38
2017-01-03 15:45,5.2,1.25
2017-01-03 16:00,2.29,0.87
2017-01-03 16:15,-0.09,0.25
2017-01-03 16:30,-0.28,0.0
2017-01-03 16:45,-0.28,-0.12
2017-01-03 17:00,-0.28,-0.13
2017-01-03 17:15,-0.28,0.13
2017-01-03 17:30,-0.27,-0.13
2017-01-03 17:45,-0.28,-0.12
2017-01-03 18:00,-0.28,-0.13
2017-01-03 18:15,-0.27,0.0
2017-01-03 18:30,-0.27,-0.12
2017-01-03 18:45,-0.27,0.0
2017-01-03 19:00,-0.27,-0.13
2017-01-03 19:15,-0.28,0.0
2017-01-03 19:30,-0.27,-0.12
2017-01-03 19:45,-0.28,-0.13
2017-01-03 20:00,-0.28,0.13
2017-01-03 20:15,-0.28,-0.13
2017-01-03 20:30,-0.28,-0.12
2017-01-03 20:45,-0.28,-0.13
2017-01-03 21:00,-0.28,0.0
2017-01-03 21:15,-0.28,0.0
2017-01-03 21:30,-0.28,-0.12
2017-01-03 21:45,-0.28,-0.13
2017-01-03 22:00,-0.28,-0.12
2017-01-03 22:15,-0.28,0.0
2017-01-03 22:30,-0.28,0.0
2017-01-03 22:45,-0.28,-0.13
2017-01-03 23:00,-0.28,-0.12
2017-01-03 23:15,-0.28,0.0
2017-01-03 23:30,-0.28,-0.13
2017-01-03 23:45,-0.28,0.0
2017-01-04 00:00,-0.28,-0.1196
2017-01-04 00:15,-0.28,-0.0004
2017-01-04 00:30,-0.28,-0.13
2017-01-04 00:45,-0.28,-0.12
2017-01-04 01:00,-0.28,0.0
2017-01-04 01:15,-0.28,-0.13
2017-01-04 01:30,-0.28,0.0
2017-01-04 01:45,-0.28,-0.12
2017-01-04 02:00,-0.28,-0.13
2017-01-04 02:15,-0.28,0.0
2017-01-04 02:30,-0.28,0.0
2017-01-04 02:45,-0.28,-0.12
2017-01-04 03:00,-0.28,-0.13
2017-01-04 03:15,-0.28,-0.12
2017-01-04 03:30,-0.28,0.12
2017-01-04 03:45,-0.28,-0.12
2017-01-04 04:00,-0.28,-0.13
2017-01-04 04:15,-0.28,-0.12
2017-01-04 04:30,-0.28,0.0
2017-01-04 04:45,-0.28,0.0
2017-01-04 05:00,-0.28,-0.13
2017-01-04 05:15,-0.28,-0.12
2017-01-04 05:30,-0.28,-0.13
2017-01-04 05:45,-0.28,0.0
2017-01-04 06:00,-0.28,0.0
2017-01-04 06:15,-0.28,-0.12
2017-01-04 06:30,-0.28,-0.13
2017-01-04 06:45,-0.28,0.0
2017-01-04 07:00,-0.28,-0.12
2017-01-04 07:15,0.84,0.0
2017-01-04 07:30,3.91,0.62
2017-01-04 07:45,6.66,1.25
2017-01-04 08:00,3.82,1.5
2017-01-04 08:15,10.0,1.25
2017-01-04 08:30,11.02,1.75
2017-01-04 08:45,10.22,4.75
2017-01-04 09:00,12.28,1.38
2017-01-04 09:15,66.0,8.25
2017-01-04 09:30,129.22,31.62
2017-01-04 09:45,94.54,29.38
2017-01-04 10:00,53.26,18.0
2017-01-04 10:15,103.14,32.62
2017-01-04 10:30,122.41,30.63
2017-01-04 10:45,69.29,29.37
2017-01-04 11:00,41.25,18.0
2017-01-04 11:15,33.19,16.75
2017-01-04 11:30,222.61,13.75
2017-01-04 11:45,201.22,29.5
2017-01-04 12:00,155.07,28.88
2017-01-04 12:15,207.61,20.62
2017-01-04 12:30,163.09,32.63
2017-01-04 12:45,185.29,34.75
2017-01-04 13:00,144.97,29.5
2017-01-04 13:15,25.81,13.12
2017-01-04 13:30,127.65,18.0
2017-01-04 13:45,171.99,32.13
2017-01-04 14:00,38.94,34.62
2017-01-04 14:15,141.31,25.75
2017-01-04 14:30,120.05,32.63
2017-01-04 14:45,89.76,25.5
2017-01-04 15:00,59.83,19.25
2017-01-04 15:15,19.97,9.0
2017-01-04 15:30,6.84,3.0
2017-01-04 15:45,5.31,1.5
2017-01-04 16:00,3.85,1.25
2017-01-04 16:15,2.17,0.62
2017-01-04 16:30,0.37,0.25
2017-01-04 16:45,-0.66,0.0
2017-01-04 17:00,-0.28,-0.12
2017-01-04 17:15,-0.28,0.0
2017-01-04 17:30,-0.28,-0.13
2017-01-04 17:45,-0.28,0.0
2017-01-04 18:00,-0.28,-0.12
2017-01-04 18:15,-0.27,0.0
2017-01-04 18:30,-0.27,-0.13
2017-01-04 18:45,-0.28,-0.1196
2017-01-04 19:00,-0.27,-0.0004
2017-01-04 19:15,-0.28,0.0
2017-01-04 19:30,-0.28,-0.1296
2017-01-04 19:45,-0.28,-0.1204
2017-01-04 20:00,-0.28,0.0
2017-01-04 20:15,-0.28,-0.13
2017-01-04 20:30,-0.28,0.0
2017-01-04 20:45,-0.28,-0.12
2017-01-04 21:00,-0.27,0.0
2017-01-04 21:15,-0.28,-0.13
2017-01-04 21:30,-0.28,-0.12
2017-01-04 21:45,-0.28,0.0
2017-01-04 22:00,-0.28,0.0
2017-01-04 22:15,-0.28,-0.13
2017-01-04 22:30,-0.28,-0.12
2017-01-04 22:45,-0.28,-0.13
2017-01-04 23:00,-0.28,0.0
2017-01-04 23:15,-0.28,0.0
2017-01-04 23:30,-0.28,-0.12
2017-01-04 23:45,-0.28,-0.13
2017-01-05 00:00,-0.28,-0.12
2017-01-05 00:15,-0.28,0.12
2017-01-05 00:30,-0.28,-0.12
2017-01-05 00:45,-0.28,-0.13
2017-01-05 01:00,-0.28,-0.12
2017-01-05 01:15,-0.28,0.0
2017-01-05 01:30,-0.28,0.0
2017-01-05 01:45,-0.28,-0.13
2017-01-05 02:00,-0.28,-0.12
2017-01-05 02:15,-0.28,-0.13
2017-01-05 02:30,-0.28,0.0
2017-01-05 02:45,-0.28,0.0
2017-01-05 03:00,-0.28,-0.12
2017-01-05 03:15,-0.28,-0.13
2017-01-05 03:30,-0.28,0.0
2017-01-05 03:45,-0.28,-0.12
2017-01-05 04:00,-0.28,0.0
2017-01-05 04:15,-0.28,-0.13
2017-01-05 04:30,-0.28,0.0
2017-01-05 04:45,-0.28,-0.12
2017-01-05 05:00,-0.28,-0.13
2017-01-05 05:15,-0.28,-0.12
2017-01-05 05:30,-0.28,0.12
2017-01-05 05:45,-0.28,-0.12
2017-01-05 06:00,-0.29,-0.13
2017-01-05 06:15,-0.36,-0.12
2017-01-05 06:30,-0.37,0.0
2017-01-05 06:45,-0.37,-0.13
2017-01-05 07:00,-0.37,-0.12
2017-01-05 07:15,5.09,0.37
2017-01-05 07:30,6.23,1.88
2017-01-05 07:45,11.69,3.87
2017-01-05 08:00,10.57,2.88
2017-01-05 08:15,16.4,3.25
2017-01-05 08:30,15.07,5.12
2017-01-05 08:45,16.09,4.25
2017-01-05 09:00,23.26,5.63
2017-01-05 09:15,29.41,5.5
2017-01-05 09:30,35.01,7.75
2017-01-05 09:45,39.54,9.62
2017-01-05 10:00,48.28,12.0
2017-01-05 10:15,56.04,13.0
2017-01-05 10:30,46.42,14.0
2017-01-05 10:45,60.14,11.88
2017-01-05 11:00,56.5,13.62
2017-01-05 11:15,73.11,15.75
2017-01-05 11:30,66.28,16.88
2017-01-05 11:45,63.35,16.12
2017-01-05 12:00,60.5,14.5
2017-01-05 12:15,74.9,18.13
2017-01-05 12:30,106.47,21.12
2017-01-05 12:45,165.18,41.63
2017-01-05 13:00,99.32,33.37
2017-01-05 13:15,67.33,19.13
2017-01-05 13:30,47.49,13.87
2017-01-05 13:45,61.9,14.5
2017-01-05 14:00,51.67,13.88
2017-01-05 14:15,47.97,12.12
2017-01-05 14:30,31.44,9.75
2017-01-05 14:45,35.98,8.13
2017-01-05 15:00,28.21,7.87
2017-01-05 15:15,18.47,6.25
2017-01-05 15:30,13.68,3.63
2017-01-05 15:45,9.46,2.5
2017-01-05 16:00,4.53,1.87
2017-01-05 16:15,2.48,0.75
2017-01-05 16:30,-0.18,0.25
2017-01-05 16:45,-0.27,-0.12
2017-01-05 17:00,-0.28,0.12
2017-01-05 17:15,-0.28,-0.12
2017-01-05 17:30,-0.27,-0.13
2017-01-05 17:45,-0.28,0.0
2017-01-05 18:00,-0.27,-0.12
2017-01-05 18:15,-0.27,0.0
2017-01-05 18:30,-0.28,-0.13
2017-01-05 18:45,-0.28,0.0
2017-01-05 19:00,-0.28,-0.12
2017-01-05 19:15,-0.27,-0.13
2017-01-05 19:30,-0.27,0.0
2017-01-05 19:45,-0.28,0.0
2017-01-05 20:00,-0.28,-0.12
2017-01-05 20:15,-0.28,-0.13
2017-01-05 20:30,-0.27,0.0
2017-01-05 20:45,-0.28,-0.12
2017-01-05 21:00,-0.28,0.0
2017-01-05 21:15,-0.28,-0.13
2017-01-05 21:30,-0.28,0.0
2017-01-05 21:45,-0.28,-0.12
2017-01-05 22:00,-0.28,-0.13
2017-01-05 22:15,-0.28,-0.12
2017-01-05 22:30,-0.28,0.12
2017-01-05 22:45,-0.28,-0.12
2017-01-05 23:00,-0.28,-0.13
2017-01-05 23:15,-0.28,-0.12
2017-01-05 23:30,-0.28,0.0
2017-01-05 23:45,-0.28,0.0
2017-01-06 00:00,-0.28,-0.13
2017-01-06 00:15,-0.28,-0.12
2017-01-06 00:30,-0.28,-0.13
2017-01-06 00:45,-0.28,0.13
2017-01-06 01:00,-0.28,-0.13
2017-01-06 01:15,-0.28,-0.12
2017-01-06 01:30,-0.28,-0.13
2017-01-06 01:45,-0.28,0.0
2017-01-06 02:00,-0.28,0.0
2017-01-06 02:15,-0.28,-0.12
2017-01-06 02:30,-0.28,-0.13
2017-01-06 02:45,-0.28,-0.12
2017-01-06 03:00,-0.28,0.0
2017-01-06 03:15,-0.28,0.0
2017-01-06 03:30,-0.28,-0.13
2017-01-06 03:45,-0.28,-0.12
2017-01-06 04:00,-0.28,0.0
2017-01-06 04:15,-0.28,-0.13
2017-01-06 04:30,-0.28,0.0
2017-01-06 04:45,-0.28,-0.12
2017-01-06 05:00,-0.28,0.0
2017-01-06 05:15,-0.28,-0.13
2017-01-06 05:30,-0.28,-0.12
2017-01-06 05:45,-0.28,0.0
2017-01-06 06:00,-0.28,-0.13
2017-01-06 06:15,-0.28,0.0
2017-01-06 06:30,-0.28,-0.12
2017-01-06 06:45,-0.28,-0.13
2017-01-06 07:00,-0.28,0.13
2017-01-06 07:15,-0.28,-0.13
2017-01-06 07:30,-0.38,-0.12
2017-01-06 07:45,-0.28,0.0
2017-01-06 08:00,-0.28,-0.25
2017-01-06 08:15,1.74,0.12
2017-01-06 08:30,2.57,0.63
2017-01-06 08:45,4.03,0.75
2017-01-06 09:00,5.56,1.0
2017-01-06 09:15,5.31,1.5
2017-01-06 09:30,12.72,3.0
2017-01-06 09:45,25.66,2.37
2017-01-06 10:00,22.24,5.5
2017-01-06 10:15,38.37,7.38
2017-01-06 10:30,23.86,10.0
2017-01-06 10:45,12.6,4.0
2017-01-06 11:00,79.04,12.75
2017-01-06 11:15,83.16,13.75
2017-01-06 11:30,182.04,31.12
2017-01-06 11:45,225.87,51.13
2017-01-06 12:00,197.33,35.62
2017-01-06 12:15,57.55,28.75
2017-01-06 12:30,148.6,23.75
2017-01-06 12:45,115.74,25.88
2017-01-06 13:00,161.47,36.75
2017-01-06 13:15,139.06,38.37
2017-01-06 13:30,165.39,37.88
2017-01-06 13:45,164.79,38.5
2017-01-06 14:00,161.7,38.87
2017-01-06 14:15,70.19,23.13
2017-01-06 14:30,77.65,15.5
2017-01-06 14:45,56.31,22.5
2017-01-06 15:00,19.87,7.75
2017-01-06 15:15,19.49,5.0
2017-01-06 15:30,14.83,3.37
2017-01-06 15:45,6.48,3.0
2017-01-06 16:00,3.81,1.25
2017-01-06 16:15,1.26,0.5
2017-01-06 16:30,-0.44,0.25
2017-01-06 16:45,-0.28,-0.12
2017-01-06 17:00,-0.27,0.0
2017-01-06 17:15,-0.27,-0.13
2017-01-06 17:30,-0.27,-0.12
2017-01-06 17:45,-0.27,-0.13
2017-01-06 18:00,-0.27,0.13
2017-01-06 18:15,-0.28,-0.13
2017-01-06 18:30,-0.27,-0.12
2017-01-06 18:45,-0.28,0.0
2017-01-06 19:00,-0.27,-0.13
2017-01-06 19:15,-0.28,-0.12
2017-01-06 19:30,-0.27,0.0
2017-01-06 19:45,-0.28,0.0
2017-01-06 20:00,-0.28,-0.13
2017-01-06 20:15,-0.27,-0.12
2017-01-06 20:30,-0.28,-0.13
2017-01-06 20:45,-0.28,0.13
2017-01-06 21:00,-0.28,-0.13
2017-01-06 21:15,-0.38,-0.12
2017-01-06 21:30,-0.38,-0.13
2017-01-06 21:45,-0.38,0.0
2017-01-06 22:00,-0.37,-0.12
2017-01-06 22:15,-0.38,-0.13
2017-01-06 22:30,-0.37,-0.12
2017-01-06 22:45,-0.37,0.0
2017-01-06 23:00,-0.38,-0.13
2017-01-06 23:15,-0.38,-0.12
2017-01-06 23:30,-0.38,-0.13
2017-01-06 23:45,-0.39,0.0
2017-01-07 00:00,-0.39,-0.12
2017-01-07 00:15,-0.38,-0.13
2017-01-07 00:30,-0.38,-0.12
2017-01-07 00:45,-0.38,-0.13
2017-01-07 01:00,-0.39,0.0
2017-01-07 01:15,-0.38,-0.12
2017-01-07 01:30,-0.39,-0.13
2017-01-07 01:45,-0.39,-0.12
2017-01-07 02:00,-0.39,0.0
2017-01-07 02:15,-0.39,-0.13
2017-01-07 02:30,-0.38,-0.12
2017-01-07 02:45,-0.38,-0.13
2017-01-07 03:00,-0.38,-0.12
2017-01-07 03:15,-0.38,0.0
2017-01-07 03:30,-0.39,-0.13
2017-01-07 03:45,-0.39,-0.12
2017-01-07 04:00,-0.39,-0.13
2017-01-07 04:15,-0.38,0.0
2017-01-07 04:30,-0.39,-0.12
2017-01-07 04:45,-0.38,-0.13
2017-01-07 05:00,-0.37,-0.12
2017-01-07 05:15,-0.37,0.0
2017-01-07 05:30,-0.37,-0.13
2017-01-07 05:45,-0.37,-0.12
2017-01-07 06:00,-0.38,-0.13
2017-01-07 06:15,-0.37,0.0
2017-01-07 06:30,-0.37,-0.12
2017-01-07 06:45,-0.37,-0.13
2017-01-07 07:00,-0.37,-0.12
2017-01-07 07:15,-0.37,0.0
2017-01-07 07:30,-0.12,-0.13
2017-01-07 07:45,0.41,0.0
2017-01-07 08:00,0.63,0.13
2017-01-07 08:15,0.59,0.25
2017-01-07 08:30,1.87,0.25
2017-01-07 08:45,1.51,0.25
2017-01-07 09:00,1.26,0.37
2017-01-07 09:15,0.61,0.25
2017-01-07 09:30,0.42,0.13
2017-01-07 09:45,0.49,0.12
2017-01-07 10:00,0.54,0.0
2017-01-07 10:15,0.42,0.25
2017-01-07 10:30,-0.04,-0.12
2017-01-07 10:45,0.09,0.12
2017-01-07 11:00,0.08,0.0
2017-01-07 11:15,-0.16,0.0
2017-01-07 11:30,0.06,0.25
2017-01-07 11:45,-0.07,-0.12
2017-01-07 12:00,0.27,0.0
2017-01-07 12:15,-0.24,-0.13
2017-01-07 12:30,-0.15,0.0
2017-01-07 12:45,-0.45,-0.12
2017-01-07 13:00,-0.14,0.0
2017-01-07 13:15,-0.37,-0.13
2017-01-07 13:30,-0.09,0.13
2017-01-07 13:45,-0.54,-0.25
2017-01-07 14:00,-0.55,-0.13
2017-01-07 14:15,-0.57,-0.12
2017-01-07 14:30,-0.87,-0.13
2017-01-07 14:45,-0.36,-0.12
2017-01-07 15:00,-0.36,-0.13
2017-01-07 15:15,-0.93,-0.12
2017-01-07 15:30,-0.93,-0.25
2017-01-07 15:45,-0.35,-0.13
2017-01-07 16:00,-0.35,0.0
2017-01-07 16:15,-0.35,-0.12
2017-01-07 16:30,-0.34,-0.13
2017-01-07 16:45,-0.35,-0.12
2017-01-07 17:00,-0.34,0.0
2017-01-07 17:15,-0.35,-0.13
2017-01-07 17:30,-0.35,-0.12
2017-01-07 17:45,-0.35,-0.13
2017-01-07 18:00,-0.35,0.0
2017-01-07 18:15,-0.35,-0.12
2017-01-07 18:30,-0.35,-0.13
2017-01-07 18:45,-0.35,0.0
2017-01-07 19:00,-0.34,-0.12
2017-01-07 19:15,-0.35,-0.13
2017-01-07 19:30,-0.35,-0.12
2017-01-07 19:45,-0.35,0.0
2017-01-07 20:00,-0.35,-0.13
2017-01-07 20:15,-0.37,0.0
2017-01-07 20:30,-0.38,-0.12
2017-01-07 20:45,-0.37,0.0
2017-01-07 21:00,-0.37,-0.13
2017-01-07 21:15,-0.37,-0.12
2017-01-07 21:30,-0.37,-0.13
2017-01-07 21:45,-0.37,0.0
2017-01-07 22:00,-0.37,-0.12
2017-01-07 22:15,-0.37,-0.13
2017-01-07 22:30,-0.38,-0.12
2017-01-07 22:45,-0.37,0.0
2017-01-07 23:00,-0.38,-0.13
2017-01-07 23:15,-0.38,-0.12
2017-01-07 23:30,-0.38,-0.13
2017-01-07 23:45,-0.38,0.0
2017-01-08 00:00,-0.38,-0.12
2017-01-08 00:15,-0.37,-0.13
2017-01-08 00:30,-0.38,-0.12
2017-01-08 00:45,-0.38,-0.13
2017-01-08 01:00,-0.38,0.0
2017-01-08 01:15,-0.38,-0.12
2017-01-08 01:30,-0.38,-0.13
2017-01-08 01:45,-0.37,-0.12
2017-01-08 02:00,-0.38,0.0
2017-01-08 02:15,-0.38,-0.13
2017-01-08 02:30,-0.37,-0.12
2017-01-08 02:45,-0.37,-0.13
2017-01-08 03:00,-0.36,0.0
2017-01-08 03:15,-0.36,-0.12
2017-01-08 03:30,-0.36,-0.13
2017-01-08 03:45,-0.37,-0.12
2017-01-08 04:00,-0.35,0.0
2017-01-08 04:15,-0.35,-0.13
2017-01-08 04:30,-0.36,-0.12
2017-01-08 04:45,-0.36,-0.13
2017-01-08 05:00,-0.36,0.0
2017-01-08 05:15,-0.36,-0.12
2017-01-08 05:30,-0.37,-0.13
2017-01-08 05:45,-0.33,-0.12
2017-01-08 06:00,-0.33,0.0
2017-01-08 06:15,-0.33,-0.13
2017-01-08 06:30,-0.33,-0.12
2017-01-08 06:45,-0.34,0.0
2017-01-08 07:00,-0.34,0.0
2017-01-08 07:15,-0.34,-0.13
2017-01-08 07:30,-0.52,-0.25
2017-01-08 07:45,-0.24,0.0
2017-01-08 08:00,-0.07,-0.12
2017-01-08 08:15,0.41,0.0
2017-01-08 08:30,0.49,0.25
2017-01-08 08:45,0.71,0.12
2017-01-08 09:00,1.34,0.38
2017-01-08 09:15,1.72,0.37
2017-01-08 09:30,2.03,0.5
2017-01-08 09:45,2.42,0.5
2017-01-08 10:00,2.72,0.63
2017-01-08 10:15,2.78,0.62
2017-01-08 10:30,3.2,0.88
2017-01-08 10:45,3.26,0.75
2017-01-08 11:00,4.08,0.87
2017-01-08 11:15,4.97,1.25
2017-01-08 11:30,5.56,1.13
2017-01-08 11:45,5.72,1.25
2017-01-08 12:00,5.96,1.25
2017-01-08 12:15,7.1,1.62
2017-01-08 12:30,3.67,1.38
2017-01-08 12:45,8.31,1.12
2017-01-08 13:00,9.32,1.88
2017-01-08 13:15,8.55,1.37
2017-01-08 13:30,1.37,2.0
2017-01-08 13:45,8.91,1.75
2017-01-08 14:00,7.97,2.25
2017-01-08 14:15,11.41,1.63
2017-01-08 14:30,4.62,2.0
2017-01-08 14:45,3.14,0.75
2017-01-08 15:00,2.14,0.62
2017-01-08 15:15,0.79,0.5
2017-01-08 15:30,0.97,0.38
2017-01-08 15:45,0.15,0.0
2017-01-08 16:00,-0.24,0.0
2017-01-08 16:15,-0.28,0.0
2017-01-08 16:30,-0.67,-0.13
2017-01-08 16:45,-0.36,-0.12
2017-01-08 17:00,-0.36,-0.13
2017-01-08 17:15,-0.37,-0.12
2017-01-08 17:30,-0.36,0.0
2017-01-08 17:45,-0.36,-0.13
2017-01-08 18:00,-0.36,-0.12
2017-01-08 18:15,-0.36,0.0
2017-01-08 18:30,-0.37,-0.13
2017-01-08 18:45,-0.36,-0.12
2017-01-08 19:00,-0.37,-0.13
2017-01-08 19:15,-0.37,0.0
2017-01-08 19:30,-0.36,-0.12
2017-01-08 19:45,-0.36,-0.13
2017-01-08 20:00,-0.36,-0.12
2017-01-08 20:15,-0.36,0.0
2017-01-08 20:30,-0.36,-0.13
2017-01-08 20:45,-0.37,-0.12
2017-01-08 21:00,-0.35,-0.13
2017-01-08 21:15,-0.35,0.0
2017-01-08 21:30,-0.37,-0.12
2017-01-08 21:45,-0.36,-0.13
2017-01-08 22:00,-0.37,-0.12
2017-01-08 22:15,-0.37,0.0
2017-01-08 22:30,-0.37,-0.13
2017-01-08 22:45,-0.37,-0.12
2017-01-08 23:00,-0.37,-0.13
2017-01-08 23:15,-0.37,0.0
2017-01-08 23:30,-0.37,-0.12
2017-01-08 23:45,-0.38,-0.13
2017-01-09 00:00,-0.37,-0.12
2017-01-09 00:15,-0.37,0.12
2017-01-09 00:30,-0.38,-0.12
2017-01-09 00:45,-0.37,-0.13
2017-01-09 01:00,-0.37,-0.12
2017-01-09 01:15,-0.36,0.0
2017-01-09 01:30,-0.36,-0.13
2017-01-09 01:45,-0.36,-0.12
2017-01-09 02:00,-0.36,-0.13
2017-01-09 02:15,-0.37,0.0
2017-01-09 02:30,-0.36,-0.12
2017-01-09 02:45,-0.28,-0.13
2017-01-09 03:00,-0.28,-0.12
2017-01-09 03:15,-0.28,0.0
2017-01-09 03:30,-0.36,-0.13
2017-01-09 03:45,-0.36,-0.12
2017-01-09 04:00,-0.33,0.0
2017-01-09 04:15,-0.35,0.0
2017-01-09 04:30,-0.35,-0.13
2017-01-09 04:45,-0.35,-0.12
2017-01-09 05:00,-0.35,-0.13
2017-01-09 05:15,-0.35,0.0
2017-01-09 05:30,-0.35,-0.12
2017-01-09 05:45,-0.35,-0.13
2017-01-09 06:00,-0.34,-0.12
2017-01-09 06:15,-0.35,0.0
2017-01-09 06:30,-0.35,-0.13
2017-01-09 06:45,-0.36,-0.12
2017-01-09 07:00,-0.37,-0.13
2017-01-09 07:15,-0.03,0.0
2017-01-09 07:30,0.16,0.0
2017-01-09 07:45,0.89,0.0
2017-01-09 08:00,2.06,0.5
2017-01-09 08:15,8.09,1.25
2017-01-09 08:30,4.52,1.63
2017-01-09 08:45,3.66,1.0
2017-01-09 09:00,4.67,1.0
2017-01-09 09:15,5.14,1.37
2017-01-09 09:30,6.88,1.5
2017-01-09 09:45,6.78,1.63
2017-01-09 10:00,7.87,1.87
2017-01-09 10:15,9.52,2.13
2017-01-09 10:30,13.3,2.75
2017-01-09 10:45,11.1,3.25
2017-01-09 11:00,11.99,3.1096
2017-01-09 11:15,8.8605,2.6404
2017-01-09 11:30,10.21,2.37
2017-01-09 11:45,6.58,2.13
2017-01-09 12:00,6.5,1.62
2017-01-09 12:15,8.24,1.75
2017-01-09 12:30,22.75,4.38
2017-01-09 12:45,12.76,4.87
2017-01-09 13:00,10.63,2.75
2017-01-09 13:15,8.98,2.38
2017-01-09 13:30,7.69,2.25
2017-01-09 13:45,10.83,2.62
2017-01-09 14:00,8.51,2.5
2017-01-09 14:15,8.31,2.0
2017-01-09 14:30,12.55,3.13
2017-01-09 14:45,6.24,2.5
2017-01-09 15:00,4.61,1.87
2017-01-09 15:15,2.28,0.88
2017-01-09 15:30,1.3,0.37
2017-01-09 15:45,0.92,0.25
2017-01-09 16:00,0.46,0.25
2017-01-09 16:15,-0.15,0.0
2017-01-09 16:30,-0.61,-0.12
2017-01-09 16:45,-0.36,0.0
2017-01-09 17:00,-0.34,-0.13
2017-01-09 17:15,-0.32,-0.12
2017-01-09 17:30,-0.33,-0.13
2017-01-09 17:45,-0.33,-0.12
2017-01-09 18:00,-0.32,0.12
2017-01-09 18:15,-0.33,-0.12
2017-01-09 18:30,-0.33,-0.13
2017-01-09 18:45,-0.28,-0.12
2017-01-09 19:00,-0.33,0.0
2017-01-09 19:15,-0.32,-0.13
2017-01-09 19:30,-0.31,-0.12
2017-01-09 19:45,-0.3,0.0
2017-01-09 20:00,-0.32,0.0
2017-01-09 20:15,-0.32,-0.13
2017-01-09 20:30,-0.31,-0.12
2017-01-09 20:45,-0.31,-0.13
2017-01-09 21:00,-0.31,0.0
2017-01-09 21:15,-0.31,-0.12
2017-01-09 21:30,-0.29,-0.13
2017-01-09 21:45,-0.28,0.0
2017-01-09 22:00,-0.29,-0.12
2017-01-09 22:15,-0.29,0.0
2017-01-09 22:30,-0.29,-0.13
2017-01-09 22:45,-0.29,0.0
2017-01-09 23:00,-0.28,-0.12
2017-01-09 23:15,-0.29,0.0
2017-01-09 23:30,-0.29,-0.13
2017-01-09 23:45,-0.29,-0.1196
2017-01-10 00:00,-0.29,-0.0004
2017-01-10 00:15,-0.29,-0.13
2017-01-10 00:30,-0.29,0.0
2017-01-10 00:45,-0.3199,-0.1196
2017-01-10 01:00,-0.2901,-0.13
2017-01-10 01:15,-0.29,-0.0004
2017-01-10 01:30,-0.28,-0.12
2017-01-10 01:45,-0.28,0.0
2017-01-10 02:00,-0.29,-0.13
2017-01-10 02:15,-0.29,-0.1195
2017-01-10 02:30,-0.29,-0.0005
2017-01-10 02:45,-0.29,0.0
2017-01-10 03:00,-0.29,-0.13
2017-01-10 03:15,-0.29,-0.12
2017-01-10 03:30,-0.29,-0.13
2017-01-10 03:45,-0.28,0.0
2017-01-10 04:00,-0.29,0.0
2017-01-10 04:15,-0.28,-0.12
2017-01-10 04:30,-0.28,-0.13
2017-01-10 04:45,-0.29,-0.12
2017-01-10 05:00,-0.29,0.12
2017-01-10 05:15,-0.29,-0.12
2017-01-10 05:30,-0.28,-0.13
2017-01-10 05:45,-0.28,-0.12
2017-01-10 06:00,-0.28,-0.13
2017-01-10 06:15,-0.29,0.13
2017-01-10 06:30,-0.29,-0.13
2017-01-10 06:45,-0.28,-0.12
2017-01-10 07:00,-0.29,-0.13
2017-01-10 07:15,-0.29,-0.12
2017-01-10 07:30,-0.2,0.0
2017-01-10 07:45,0.54,0.0
2017-01-10 08:00,1.57,0.37
2017-01-10 08:15,1.84,0.38
2017-01-10 08:30,2.05,0.5
2017-01-10 08:45,4.1,0.75
2017-01-10 09:00,3.83,1.0
2017-01-10 09:15,8.67,2.12
2017-01-10 09:30,16.25,4.0
2017-01-10 09:45,16.76,4.13
2017-01-10 10:00,14.11,4.5
2017-01-10 10:15,9.91,2.75
2017-01-10 10:30,7.82,2.12
2017-01-10 10:45,12.46,2.5
2017-01-10 11:00,13.29,3.13
2017-01-10 11:15,13.96,3.0
2017-01-10 11:30,16.29,3.62
2017-01-10 11:45,18.14,4.0
2017-01-10 12:00,14.76,4.13
2017-01-10 12:15,12.01,3.37
2017-01-10 12:30,12.64,3.38
2017-01-10 12:45,14.55,4.25
2017-01-10 13:00,15.1,4.12
2017-01-10 13:15,9.73,3.13
2017-01-10 13:30,8.81,2.12
2017-01-10 13:45,11.12,2.13
2017-01-10 14:00,11.42,2.99
2017-01-10 14:15,7.4533,2.26
2017-01-10 14:30,10.01,1.62
2017-01-10 14:45,5.88,2.5
2017-01-10 15:00,3.0,1.0
2017-01-10 15:15,1.54,0.38
2017-01-10 15:30,1.15,0.37
2017-01-10 15:45,0.28,0.25
2017-01-10 16:00,0.06,-0.12
2017-01-10 16:15,-0.18,0.0
2017-01-10 16:30,-0.28,-0.13
2017-01-10 16:45,-0.28,0.0
2017-01-10 17:00,-0.28,0.0
2017-01-10 17:15,-0.28,-0.12
2017-01-10 17:30,-0.28,-0.13
2017-01-10 17:45,-0.28,-0.12
2017-01-10 18:00,-0.28,0.12
2017-01-10 18:15,-0.28,-0.12
2017-01-10 18:30,-0.29,-0.13
2017-01-10 18:45,-0.28,-0.12
2017-01-10 19:00,-0.28,0.0
2017-01-10 19:15,-0.28,0.0
2017-01-10 19:30,-0.28,-0.13
2017-01-10 19:45,-0.28,-0.12
2017-01-10 20:00,-0.28,0.0
2017-01-10 20:15,-0.28,-0.13
2017-01-10 20:30,-0.28,0.0
2017-01-10 20:45,-0.28,-0.12
2017-01-10 21:00,-0.36,-0.13
2017-01-10 21:15,-0.38,0.0
2017-01-10 21:30,-0.37,-0.12
2017-01-10 21:45,-0.38,-0.13
2017-01-10 22:00,-0.38,-0.12
2017-01-10 22:15,-0.37,0.0
2017-01-10 22:30,-0.38,-0.13
2017-01-10 22:45,-0.37,-0.12
2017-01-10 23:00,-0.36,-0.13
2017-01-10 23:15,-0.36,-0.12
2017-01-10 23:30,-0.37,0.0
2017-01-10 23:45,-0.37,-0.13
2017-01-11 00:00,-0.37,-0.12
2017-01-11 00:15,-0.37,-0.13
2017-01-11 00:30,-0.37,0.0
2017-01-11 00:45,-0.37,-0.12
2017-01-11 01:00,-0.38,-0.13
2017-01-11 01:15,-0.37,-0.12
2017-01-11 01:30,-0.37,0.0
2017-01-11 01:45,-0.38,-0.13
2017-01-11 02:00,-0.38,-0.12
2017-01-11 02:15,-0.37,0.0
2017-01-11 02:30,-0.37,-0.13
2017-01-11 02:45,-0.37,0.0
2017-01-11 03:00,-0.37,-0.12
2017-01-11 03:15,-0.37,-0.13
2017-01-11 03:30,-0.38,-0.12
2017-01-11 03:45,-0.37,0.0
2017-01-11 04:00,-0.37,-0.13
2017-01-11 04:15,-0.37,-0.12
2017-01-11 04:30,-0.37,-0.13
2017-01-11 04:45,-0.37,0.0
2017-01-11 05:00,-0.36,-0.12
2017-01-11 05:15,-0.36,-0.13
2017-01-11 05:30,-0.36,-0.12
2017-01-11 05:45,-0.35,0.0
2017-01-11 06:00,-0.36,-0.13
2017-01-11 06:15,-0.35,-0.12
2017-01-11 06:30,-0.35,-0.13
2017-01-11 06:45,-0.35,0.0
2017-01-11 07:00,-0.37,-0.12
2017-01-11 07:15,0.37,0.0
2017-01-11 07:30,17.92,1.0
2017-01-11 07:45,31.93,6.37
2017-01-11 08:00,51.42,10.38
2017-01-11 08:15,70.35,15.0
2017-01-11 08:30,85.14,19.62
2017-01-11 08:45,101.37,23.25
2017-01-11 09:00,99.82,26.75
2017-01-11 09:15,142.66,28.88
2017-01-11 09:30,62.48,23.87
2017-01-11 09:45,80.17,18.0
2017-01-11 10:00,74.35,18.63
2017-01-11 10:15,84.74,19.62
2017-01-11 10:30,77.65,19.75
2017-01-11 10:45,108.67,27.75
2017-01-11 11:00,69.9,21.75
2017-01-11 11:15,66.69,18.13
2017-01-11 11:30,112.19,19.12
2017-01-11 11:45,149.48,32.38
2017-01-11 12:00,174.2,37.25
2017-01-11 12:15,163.23,44.12
2017-01-11 12:30,157.54,40.0
2017-01-11 12:45,97.57,30.38
2017-01-11 13:00,114.34,30.0
2017-01-11 13:15,66.9,23.0
2017-01-11 13:30,97.37,19.0
2017-01-11 13:45,79.12,19.62
2017-01-11 14:00,64.49,17.38
2017-01-11 14:15,62.59,16.0
2017-01-11 14:30,39.14,12.37
2017-01-11 14:45,46.38,11.38
2017-01-11 15:00,44.56,13.5
2017-01-11 15:15,25.89,8.0
2017-01-11 15:30,24.46,7.0
2017-01-11 15:45,13.36,4.62
2017-01-11 16:00,5.22,2.5
2017-01-11 16:15,2.56,0.88
2017-01-11 16:30,0.32,0.37
2017-01-11 16:45,-0.27,-0.12
2017-01-11 17:00,-0.27,0.0
2017-01-11 17:15,-0.28,-0.13
2017-01-11 17:30,-0.27,-0.12
2017-01-11 17:45,-0.28,0.0
2017-01-11 18:00,-0.28,0.0
2017-01-11 18:15,-0.28,-0.13
2017-01-11 18:30,-0.28,-0.12
2017-01-11 18:45,-0.28,0.0
2017-01-11 19:00,-0.27,-0.13
2017-01-11 19:15,-0.28,0.0
2017-01-11 19:30,-0.28,-0.12
2017-01-11 19:45,-0.28,0.0
2017-01-11 20:00,-0.28,-0.13
2017-01-11 20:15,-0.28,-0.12
2017-01-11 20:30,-0.28,0.0
2017-01-11 20:45,-0.28,0.0
2017-01-11 21:00,-0.28,-0.13
2017-01-11 21:15,-0.28,-0.12
2017-01-11 21:30,-0.28,-0.13
2017-01-11 21:45,-0.28,0.13
2017-01-11 22:00,-0.28,-0.13
2017-01-11 22:15,-0.28,-0.12
2017-01-11 22:30,-0.28,-0.13
2017-01-11 22:45,-0.28,0.0
2017-01-11 23:00,-0.28,0.0
2017-01-11 23:15,-0.28,-0.12
2017-01-11 23:30,-0.28,-0.13
2017-01-11 23:45,-0.28,-0.12
2017-01-12 00:00,-0.28,0.0
2017-01-12 00:15,-0.28,-0.13
2017-01-12 00:30,-0.28,0.0
2017-01-12 00:45,-0.28,-0.12
2017-01-12 01:00,-0.28,0.0
2017-01-12 01:15,-0.28,-0.13
2017-01-12 01:30,-0.28,0.0
2017-01-12 01:45,-0.28,-0.12
2017-01-12 02:00,-0.28,0.0
2017-01-12 02:15,-0.28,-0.13
2017-01-12 02:30,-0.28,-0.12
2017-01-12 02:45,-0.28,0.0
2017-01-12 03:00,-0.28,-0.13
2017-01-12 03:15,-0.28,0.0
2017-01-12 03:30,-0.28,-0.12
2017-01-12 03:45,-0.28,-0.13
2017-01-12 04:00,-0.28,0.0
2017-01-12 04:15,-0.28,0.0
2017-01-12 04:30,-0.28,-0.12
2017-01-12 04:45,-0.28,-0.13
2017-01-12 05:00,-0.28,-0.12
2017-01-12 05:15,-0.28,0.12
2017-01-12 05:30,-0.28,-0.12
2017-01-12 05:45,-0.28,-0.13
2017-01-12 06:00,-0.28,-0.12
2017-01-12 06:15,-0.27,0.0
2017-01-12 06:30,-0.27,0.0
2017-01-12 06:45,-0.27,-0.13
2017-01-12 07:00,-0.28,-0.12
2017-01-12 07:15,0.87,0.12
2017-01-12 07:30,7.08,1.0
2017-01-12 07:45,16.75,2.75
2017-01-12 08:00,26.71,5.63
2017-01-12 08:15,49.03,10.5
2017-01-12 08:30,40.45,10.37
2017-01-12 08:45,45.67,9.63
2017-01-12 09:00,42.14,14.87
2017-01-12 09:15,68.76,13.13
2017-01-12 09:30,58.71,17.37
2017-01-12 09:45,125.7,28.75
2017-01-12 10:00,144.87,32.75
2017-01-12 10:15,129.89,34.25
2017-01-12 10:30,137.47,32.38
2017-01-12 10:45,151.2,34.62
2017-01-12 11:00,158.24,36.38
2017-01-12 11:15,177.98,42.75
2017-01-12 11:30,81.36,32.87
2017-01-12 11:45,137.84,26.75
2017-01-12 12:00,168.84,39.13
2017-01-12 12:15,155.57,40.37
2017-01-12 12:30,147.47,36.75
2017-01-12 12:45,183.27,40.25
2017-01-12 13:00,99.47,32.13
2017-01-12 13:15,94.5,22.37
2017-01-12 13:30,147.8,32.25
2017-01-12 13:45,122.9,35.25
2017-01-12 14:00,114.94,28.13
2017-01-12 14:15,120.57,24.5
2017-01-12 14:30,77.28,24.12
2017-01-12 14:45,51.53,16.0
2017-01-12 15:00,26.08,8.25
2017-01-12 15:15,22.26,5.0
2017-01-12 15:30,17.68,5.0
2017-01-12 15:45,12.78,4.13
2017-01-12 16:00,7.55,2.5
2017-01-12 16:15,3.71,1.62
2017-01-12 16:30,0.36,0.38
2017-01-12 16:45,-0.27,0.0
2017-01-12 17:00,-0.27,0.0
2017-01-12 17:15,-0.27,-0.13
2017-01-12 17:30,-0.27,-0.12
2017-01-12 17:45,-0.27,-0.13
2017-01-12 18:00,-0.27,0.13
2017-01-12 18:15,-0.27,-0.13
2017-01-12 18:30,-0.28,-0.12
2017-01-12 18:45,-0.27,-0.13
2017-01-12 19:00,-0.27,0.0
2017-01-12 19:15,-0.27,-0.12
2017-01-12 19:30,-0.28,0.0
2017-01-12 19:45,-0.28,-0.13
2017-01-12 20:00,-0.28,0.0
2017-01-12 20:15,-0.27,-0.12
2017-01-12 20:30,-0.28,-0.13
2017-01-12 20:45,-0.28,0.0
2017-01-12 21:00,-0.28,0.0
2017-01-12 21:15,-0.28,-0.12
2017-01-12 21:30,-0.28,-0.13
2017-01-12 21:45,-0.28,-0.12
2017-01-12 22:00,-0.28,0.12
2017-01-12 22:15,-0.28,-0.12
2017-01-12 22:30,-0.28,-0.13
2017-01-12 22:45,-0.28,-0.12
2017-01-12 23:00,-0.28,0.12
2017-01-12 23:15,-0.28,-0.12
2017-01-12 23:30,-0.28,-0.13
2017-01-12 23:45,-0.28,-0.12
